PTY,DISTRICT_N,VOTES
I,1902,94
R,1902,1083
I,1903,221
R,1903,1999
I,1904,146
R,1904,1415
I,1906,86
R,1906,714
I,1907,975
R,1907,4992
I,1908,331
R,1908,2151
I,1909,122
R,1909,1233
I,2901,383
R,2901,4143
D,3902,501
I,3902,66
R,3902,2619
D,3903,4547
I,3903,260
R,3903,9378
D,3904,341
I,3904,52
R,3904,3139
D,3905,688
I,3905,51
R,3905,1657
D,3906,137
I,3906,18
R,3906,972
D,3907,535
I,3907,72
R,3907,2924
D,4901,2221
R,4901,6915
I,5901,91
R,5901,1298
I,5902,146
R,5902,1785
I,5904,18
R,5904,393
I,6902,87
R,6902,813
D,7901,395
I,7901,15
R,7901,330
D,7902,1172
I,7902,46
R,7902,1450
D,7904,790
I,7904,48
R,7904,1078
D,7905,2237
I,7905,93
R,7905,2908
D,7906,1358
I,7906,49
R,7906,1061
D,8901,784
I,8901,143
R,8901,5212
D,8902,978
I,8902,133
R,8902,4053
D,8903,345
I,8903,15
R,8903,1156
I,9901,67
R,9901,1048
D,10901,217
I,10901,95
R,10901,1345
D,10902,1262
I,10902,441
R,10902,6494
D,11901,6468
I,11901,457
R,11901,10209
D,11902,2585
I,11902,307
R,11902,3185
D,11904,1494
I,11904,129
R,11904,3363
D,11905,190
I,11905,42
R,11905,454
I,12901,96
R,12901,1270
D,13901,2585
R,13901,2618
D,13902,131
I,13902,4
R,13902,333
D,13903,352
I,13903,4
R,13903,868
D,13905,650
R,13905,971
D,14901,426
I,14901,96
R,14901,1853
D,14902,228
I,14902,31
R,14902,652
D,14903,4132
I,14903,868
R,14903,14308
D,14905,173
I,14905,50
R,14905,974
D,14906,21750
I,14906,1891
R,14906,21398
D,14907,222
I,14907,64
R,14907,1314
D,14908,637
I,14908,160
R,14908,3043
D,14909,5104
I,14909,619
R,14909,8960
D,14910,691
I,14910,140
R,14910,2681
D,15901,5443
I,15901,757
R,15901,8551
D,15904,10607
I,15904,946
R,15904,1332
D,15905,9847
I,15905,704
R,15905,19
D,15906,84
I,15906,20
R,15906,201
D,15907,57315
I,15907,4927
R,15907,10206
D,15908,7966
I,15908,830
R,15908,647
D,15909,1565
I,15909,186
R,15909,1499
D,15910,63931
I,15910,9688
R,15910,81686
D,15911,7964
I,15911,659
R,15911,7486
D,15912,6843
I,15912,976
R,15912,2819
D,15913,116
I,15913,85
R,15913,32
D,15914,340
I,15914,77
R,15914,406
D,15915,114485
I,15915,33319
R,15915,25108
D,15916,21933
I,15916,1506
R,15916,16365
D,15917,3009
I,15917,330
R,15917,2110
D,16901,800
I,16901,169
R,16901,2483
D,16902,981
I,16902,285
R,16902,3756
I,17901,14
R,17901,338
D,18901,399
I,18901,54
R,18901,1953
D,18902,199
I,18902,29
R,18902,1034
D,18903,58
I,18903,6
R,18903,277
D,18904,277
I,18904,41
R,18904,1495
D,18905,92
I,18905,9
R,18905,347
D,18906,79
I,18906,12
R,18906,470
D,18907,176
I,18907,18
R,18907,732
D,18908,85
I,18908,10
R,18908,486
I,19901,158
R,19901,1671
I,19902,231
R,19902,1862
I,19903,38
R,19903,430
I,19905,266
R,19905,1971
I,19906,183
R,19906,2078
I,19907,1742
R,19907,6358
I,19908,829
R,19908,3880
I,19909,149
R,19909,1908
I,19910,12
R,19910,188
I,19911,84
R,19911,680
I,19912,575
R,19912,4404
I,19913,14
R,19913,184
I,19914,41
R,19914,455
D,20901,15006
R,20901,21913
D,20902,4110
R,20902,10606
D,20904,202
R,20904,1234
D,20905,5169
R,20905,12617
D,20906,948
R,20906,2870
D,20907,1694
R,20907,6314
D,20908,13998
R,20908,23082
D,20910,36
R,20910,287
D,21901,10043
I,21901,1732
R,21901,23060
D,21902,9187
I,21902,1268
R,21902,19117
D,22004,163
I,22004,15
R,22004,118
D,22901,1792
I,22901,92
R,22901,1479
D,22902,239
I,22902,16
R,22902,290
D,22903,50
I,22903,3
R,22903,29
I,23902,32
R,23902,435
D,24901,1972
I,24901,128
R,24901,396
I,25901,132
R,25901,2285
I,25902,356
R,25902,4020
I,25904,40
R,25904,610
I,25905,61
R,25905,871
I,25906,41
R,25906,548
I,25908,82
R,25908,1295
I,25909,152
R,25909,2227
D,26901,727
I,26901,88
R,26901,3256
D,26902,261
I,26902,24
R,26902,987
D,26903,393
I,26903,26
R,26903,1160
D,27903,1817
I,27903,449
R,27903,8429
D,27904,2537
I,27904,385
R,27904,8348
D,28902,3876
I,28902,131
R,28902,4278
D,28903,625
I,28903,8
R,28903,1346
D,28906,243
I,28906,9
R,28906,336
D,29901,2140
R,29901,4613
I,30901,85
R,30901,1369
I,30902,143
R,30902,1828
I,30903,119
R,30903,1692
I,30906,195
R,30906,2038
D,31901,30276
R,31901,8762
D,31903,11083
R,31903,8167
D,31905,2388
R,31905,1524
D,31906,7836
R,31906,4134
D,31909,2083
R,31909,1528
D,31911,1413
R,31911,1024
D,31912,5623
R,31912,2579
D,31913,454
R,31913,127
D,31914,530
R,31914,177
D,32902,4
I,32902,592
R,32902,3503
I,33901,37
R,33901,396
I,33902,120
R,33902,1584
I,33904,96
R,33904,758
I,34901,334
R,34901,3469
I,34902,63
R,34902,533
I,34903,186
R,34903,1434
I,34905,199
R,34905,1785
I,34906,12
R,34906,262
I,34907,141
R,34907,1473
I,34909,49
R,34909,688
I,35901,137
R,35901,914
I,35902,43
R,35902,177
I,35903,4
R,35903,191
I,36901,333
R,36901,3616
I,36902,454
R,36902,6798
I,36903,102
R,36903,1381
I,37901,136
R,37901,1076
I,37904,856
R,37904,6099
D,37907,15
I,37907,375
R,37907,3254
I,37908,69
R,37908,370
D,37909,8
I,37909,54
R,37909,465
I,38901,90
R,38901,1593
I,39902,168
R,39902,1992
I,39903,99
R,39903,1256
I,39904,21
R,39904,415
I,39905,34
R,39905,643
I,40901,53
R,40901,394
I,40902,75
R,40902,635
I,41901,47
R,41901,711
I,41902,30
R,41902,540
I,42901,73
R,42901,1325
I,42903,59
R,42903,686
I,42905,88
R,42905,1254
D,43901,13873
I,43901,1638
R,43901,23316
D,43902,481
I,43902,492
R,43902,3422
D,43903,250
I,43903,402
R,43903,4033
D,43904,122
I,43904,270
R,43904,2617
D,43905,28116
I,43905,2957
R,43905,48044
D,43907,14713
I,43907,2131
R,43907,34140
D,43908,699
I,43908,164
R,43908,2775
D,43910,50694
I,43910,5872
R,43910,75839
D,43911,1017
I,43911,212
R,43911,3521
D,43912,4021
I,43912,669
R,43912,12349
D,43914,1355
I,43914,3726
R,43914,15786
D,43917,62
I,43917,75
R,43917,1054
D,43918,64
I,43918,561
R,43918,3801
D,43919,947
I,43919,197
R,43919,3944
I,44902,66
R,44902,1140
D,45902,759
I,45902,95
R,45902,3407
D,45903,698
I,45903,52
R,45903,1636
D,45905,336
I,45905,44
R,45905,1391
D,46901,4165
I,46901,811
R,46901,11763
D,46902,12174
I,46902,2607
R,46902,42829
I,47901,173
R,47901,2090
I,47902,115
R,47902,1258
I,47903,27
R,47903,294
I,47905,23
R,47905,245
I,48901,30
R,48901,463
I,48903,24
R,48903,333
I,49901,578
R,49901,4151
I,49902,75
R,49902,1584
I,49903,106
R,49903,1116
I,49905,260
R,49905,3140
D,49906,6
I,49906,68
R,49906,894
I,49907,84
R,49907,745
I,49908,10
R,49908,156
I,49909,18
R,49909,302
D,50901,149
I,50901,25
R,50901,811
D,50902,1147
I,50902,188
R,50902,4762
D,50904,121
I,50904,18
R,50904,527
D,50909,95
I,50909,21
R,50909,689
D,50910,2568
I,50910,353
R,50910,4586
I,51901,41
R,51901,459
D,52901,313
I,52901,38
R,52901,1000
D,53001,462
I,53001,28
R,53001,875
I,54901,63
R,54901,565
I,54902,63
R,54902,525
I,54903,54
R,54903,510
D,55901,525
I,55901,25
R,55901,301
I,56901,147
R,56901,2064
I,56902,19
R,56902,264
D,57903,26289
I,57903,2753
R,57903,25246
D,57904,14478
I,57904,617
R,57904,5236
D,57905,133304
I,57905,36186
R,57905,98047
D,57906,20202
I,57906,470
R,57906,3364
D,57907,15985
I,57907,781
R,57907,7110
I,57909,19592
R,57909,49927
D,57910,16598
I,57910,701
R,57910,11591
I,57911,2341
R,57911,14258
D,57912,19631
I,57912,886
R,57912,15695
D,57913,12168
I,57913,324
R,57913,1634
D,57914,66
I,57914,11381
R,57914,22443
D,57916,69
I,57916,21099
R,57916,45517
I,57919,431
R,57919,2358
D,57922,6889
I,57922,689
R,57922,10970
I,58902,7
R,58902,93
I,58905,104
R,58905,1227
I,58906,125
R,58906,1412
I,58909,9
R,58909,220
I,59901,163
R,59901,1411
I,59902,138
R,59902,1463
I,60902,149
R,60902,1699
I,60914,42
R,60914,416
D,61901,24601
I,61901,3222
R,61901,37956
D,61902,36361
I,61902,4398
R,61902,69416
D,61903,946
I,61903,184
R,61903,3727
D,61905,588
I,61905,127
R,61905,2945
D,61906,479
I,61906,127
R,61906,2653
D,61907,1621
I,61907,243
R,61907,4360
D,61908,930
I,61908,191
R,61908,4269
D,61910,730
I,61910,166
R,61910,4230
D,61911,8678
I,61911,1568
R,61911,30692
D,61912,1980
I,61912,341
R,61912,5769
D,61914,5230
I,61914,639
R,61914,9168
D,62901,564
R,62901,1808
D,62902,76
R,62902,355
D,62903,431
R,62903,2274
D,62904,222
R,62904,1237
D,62905,59
R,62905,343
D,62906,66
R,62906,681
I,63903,14
R,63903,322
I,63906,7
R,63906,169
D,64903,2038
I,64903,173
R,64903,933
I,65901,106
R,65901,1009
I,65902,26
R,65902,248
D,66005,97
I,66005,3
R,66005,21
D,66901,764
I,66901,30
R,66901,155
D,66902,1639
I,66902,74
R,66902,293
D,66903,527
I,66903,50
R,66903,341
I,67902,109
R,67902,1522
I,67903,151
R,67903,2216
I,67904,42
R,67904,702
I,67907,100
R,67907,998
I,67908,35
R,67908,537
I,68901,4154
R,68901,27242
D,69901,229
I,69901,28
R,69901,405
D,69902,162
I,69902,47
R,69902,867
D,70901,35
I,70901,8
R,70901,210
D,70903,2313
I,70903,313
R,70903,5883
D,70905,928
I,70905,86
R,70905,2035
D,70907,264
I,70907,29
R,70907,772
D,70908,2716
I,70908,354
R,70908,13321
D,70909,112
I,70909,6
R,70909,282
D,70910,355
I,70910,62
R,70910,1369
D,70911,3250
I,70911,302
R,70911,6625
D,70912,4515
I,70912,550
R,70912,14113
D,70915,292
I,70915,59
R,70915,1854
D,71901,6307
I,71901,864
R,71901,760
D,71902,67646
I,71902,11816
D,71903,1835
I,71903,82
R,71903,425
D,71904,1695
I,71904,64
R,71904,271
D,71905,42500
I,71905,5659
R,71905,449
D,71906,657
I,71906,116
D,71907,7230
I,71907,1454
D,71908,443
I,71908,20
R,71908,130
D,71909,38656
I,71909,5714
R,71909,1101
D,72901,49
I,72901,10
R,72901,371
D,72902,113
I,72902,149
R,72902,2252
D,72903,755
I,72903,473
R,72903,5789
I,72904,35
R,72904,476
D,72908,1
I,72908,53
R,72908,828
D,72909,18
I,72909,33
R,72909,558
I,72910,26
R,72910,388
D,73901,178
I,73901,17
R,73901,480
D,73903,904
I,73903,35
R,73903,1221
D,73904,11
I,73904,2
R,73904,117
D,73905,361
I,73905,48
R,73905,1476
I,74903,461
R,74903,3769
I,74904,63
R,74904,495
I,74905,29
R,74905,339
I,74907,136
R,74907,905
I,74909,96
R,74909,1110
I,74911,34
R,74911,594
I,74912,96
R,74912,959
I,74917,90
R,74917,944
D,75901,293
I,75901,41
R,75901,1302
D,75902,888
I,75902,124
R,75902,3842
D,75903,362
I,75903,36
R,75903,1658
D,75906,117
I,75906,14
R,75906,659
D,75908,148
I,75908,27
R,75908,970
I,76903,69
R,76903,530
I,76904,56
R,76904,403
I,77901,64
R,77901,865
I,77902,37
R,77902,571
I,78901,48
R,78901,443
D,79901,23005
R,79901,38196
D,79906,974
R,79906,3966
D,79907,85509
R,79907,61250
D,79910,3289
R,79910,1704
I,80901,348
R,80901,3211
D,81902,720
I,81902,100
R,81902,3215
D,81904,371
I,81904,39
R,81904,1656
D,81905,126
I,81905,14
R,81905,606
D,81906,73
I,81906,7
R,81906,337
D,82902,654
I,82902,58
R,82902,553
D,82903,1321
I,82903,138
R,82903,783
I,83901,56
R,83901,535
I,83902,10
R,83902,185
I,83903,201
R,83903,3353
D,84901,6293
R,84901,11082
D,84902,8628
R,84902,8626
D,84903,104
R,84903,390
D,84906,9540
R,84906,7423
D,84908,1853
R,84908,2462
D,84909,2414
R,84909,9169
D,84910,19084
I,84910,5192
R,84910,63350
D,84911,2645
R,84911,11899
I,85902,85
R,85902,1108
I,85903,12
R,85903,149
D,86024,23
I,86024,11
R,86024,265
D,86901,1753
I,86901,550
R,86901,9255
D,86902,177
I,86902,87
R,86902,1570
I,87901,25
R,87901,564
D,88902,1080
R,88902,2420
D,89901,991
R,89901,3165
D,89903,320
I,89903,11
R,89903,1167
D,89905,284
R,89905,474
I,90902,20
R,90902,215
I,90903,38
R,90903,498
I,90904,604
R,90904,5352
I,90905,17
R,90905,136
I,91901,96
R,91901,990
I,91902,89
R,91902,1037
I,91903,1057
R,91903,6186
I,91905,268
R,91905,1800
I,91906,1640
R,91906,8162
I,91907,48
R,91907,522
I,91908,361
R,91908,2709
I,91909,276
R,91909,3169
I,91910,168
R,91910,1605
I,91913,362
R,91913,3099
I,91914,255
R,91914,2380
I,91917,130
R,91917,1240
I,91918,166
R,91918,1648
D,92901,609
I,92901,101
R,92901,2806
D,92902,1247
I,92902,116
R,92902,5368
D,92903,7170
I,92903,375
R,92903,11677
D,92904,1857
I,92904,179
R,92904,6463
D,92906,365
I,92906,51
R,92906,2330
D,92907,481
I,92907,82
R,92907,2930
D,92908,181
I,92908,38
R,92908,1770
D,93904,170
I,93904,34
R,93904,969
D,94901,4154
I,94901,611
R,94901,8756
D,94902,9600
I,94902,1213
R,94902,16580
D,94903,1128
I,94903,185
R,94903,2977
D,94904,860
I,94904,180
R,94904,2947
I,95901,75
R,95901,967
I,95902,29
R,95902,304
I,95903,41
R,95903,424
I,95904,59
R,95904,472
I,95905,634
R,95905,5147
I,96904,64
R,96904,811
I,96905,18
R,96905,286
D,97902,282
I,97902,44
R,97902,1813
D,97903,134
I,97903,17
R,97903,910
I,98901,45
R,98901,608
I,98903,34
R,98903,633
I,98904,107
R,98904,1458
I,99902,104
R,99902,1027
I,99903,80
R,99903,1009
I,100903,242
R,100903,3836
I,100904,415
R,100904,5056
D,100905,761
I,100905,127
R,100905,4629
I,100907,337
R,100907,6860
I,100908,74
R,100908,1730
D,101902,39122
I,101902,1335
R,101902,10716
D,101903,36994
R,101903,12780
D,101905,3034
I,101905,780
R,101905,2561
D,101906,234
I,101906,932
R,101906,7725
D,101907,71132
I,101907,3675
R,101907,104206
D,101908,1233
I,101908,1439
R,101908,12698
D,101910,12809
I,101910,403
R,101910,3861
I,101911,3606
R,101911,15448
D,101912,278327
I,101912,7841
R,101912,135802
D,101913,20715
I,101913,1847
R,101913,43871
D,101914,37573
I,101914,1326
R,101914,68159
D,101915,23078
I,101915,2155
R,101915,46224
I,101916,1545
R,101916,11614
D,101917,24919
I,101917,2532
R,101917,21962
D,101919,27957
I,101919,1234
R,101919,17251
D,101920,18873
I,101920,1012
R,101920,37396
D,101921,2980
I,101921,551
R,101921,12566
D,101924,6304
I,101924,539
R,101924,3892
D,101925,657
I,101925,115
R,101925,5119
D,102901,400
I,102901,30
R,102901,1093
D,102902,4600
I,102902,197
R,102902,7523
D,102903,369
I,102903,19
R,102903,996
D,102904,1035
I,102904,172
R,102904,7041
D,102905,156
I,102905,20
R,102905,1147
D,102906,400
I,102906,48
R,102906,1739
I,103901,33
R,103901,671
I,103902,21
R,103902,332
I,104901,88
R,104901,918
I,104903,22
R,104903,182
I,104907,37
R,104907,280
D,105902,10445
I,105902,1628
R,105902,7833
D,105904,4714
I,105904,630
R,105904,8180
D,105905,2164
I,105905,243
R,105905,3677
D,105906,14502
I,105906,1854
R,105906,15429
I,106901,109
R,106901,1359
I,107901,670
R,107901,6093
I,107902,414
R,107902,5400
I,107904,110
R,107904,1452
I,107905,240
R,107905,2355
I,107906,279
R,107906,2819
I,107907,30
R,107907,278
I,107908,14
R,107908,173
I,107910,90
R,107910,1279
D,108902,7733
I,108902,219
R,108902,2684
D,108903,4332
I,108903,222
R,108903,549
D,108904,19694
I,108904,1694
R,108904,7347
D,108905,1898
I,108905,86
R,108905,283
D,108906,18479
I,108906,1503
R,108906,9433
D,108907,3353
I,108907,289
R,108907,809
D,108908,9060
I,108908,432
R,108908,3110
D,108909,17881
I,108909,767
R,108909,5483
D,108910,907
R,108910,259
D,108911,6795
I,108911,441
R,108911,4172
D,108912,10854
I,108912,322
R,108912,2224
D,108913,9806
I,108913,460
R,108913,3807
D,108914,816
I,108914,51
R,108914,158
D,108915,678
I,108915,39
R,108915,183
D,108916,3173
I,108916,200
R,108916,461
D,109901,103
I,109901,15
R,109901,538
D,109902,108
I,109902,14
R,109902,457
D,109903,88
I,109903,14
R,109903,419
D,109904,696
I,109904,73
R,109904,1825
D,109905,170
I,109905,14
R,109905,578
D,109907,288
I,109907,26
R,109907,940
D,109908,45
I,109908,3
R,109908,182
D,109910,68
I,109910,7
R,109910,204
D,109911,651
I,109911,79
R,109911,3194
D,109912,81
I,109912,17
R,109912,581
D,109913,125
I,109913,13
R,109913,652
D,109914,41
I,109914,6
R,109914,207
I,110901,47
R,110901,398
I,110902,313
R,110902,2838
I,110905,62
R,110905,645
I,110906,36
R,110906,400
I,110907,39
R,110907,490
I,110908,42
R,110908,351
D,111901,49
I,111901,1953
R,111901,18761
D,111902,7
I,111902,99
R,111902,1301
I,111903,151
R,111903,1588
I,112901,675
R,112901,6542
I,112905,74
R,112905,859
I,112906,63
R,112906,758
I,112907,46
R,112907,649
I,112908,105
R,112908,1202
I,112909,40
R,112909,449
I,112910,44
R,112910,539
I,114901,737
R,114901,4204
I,114902,96
R,114902,1341
I,114904,74
R,114904,945
D,115901,214
I,115901,25
R,115901,247
D,115902,62
I,115902,6
R,115902,73
D,115903,41
I,115903,2
R,115903,46
I,116901,291
R,116901,2502
I,116902,119
R,116902,969
I,116903,567
R,116903,1936
I,116905,1277
R,116905,7273
I,116906,197
R,116906,1841
I,116908,618
R,116908,4879
I,116909,101
R,116909,1042
I,116910,112
R,116910,860
I,116915,135
R,116915,1015
I,116916,28
R,116916,250
I,117901,177
R,117901,2056
I,117903,107
R,117903,1234
I,117904,224
R,117904,2449
I,117907,73
R,117907,834
I,118902,38
R,118902,686
I,119901,47
R,119901,760
I,119902,114
R,119902,2245
D,119903,37
I,119903,35
R,119903,824
D,120901,603
R,120901,2392
D,120902,118
R,120902,729
D,120905,173
R,120905,1446
D,121902,85
I,121902,57
R,121902,1100
I,121903,144
R,121903,2754
I,121904,611
R,121904,4123
I,121905,199
R,121905,2617
I,121906,15
R,121906,571
D,122901,440
I,122901,38
R,122901,536
D,122902,72
I,122902,7
R,122902,97
D,123905,2029
R,123905,8474
D,123907,10379
R,123907,4106
D,123908,2206
R,123908,8297
D,123910,25914
R,123910,17754
D,123913,94
R,123913,548
D,123914,648
R,123914,2512
D,124901,1678
I,124901,68
R,124901,248
D,125901,4723
R,125901,2558
D,125902,504
R,125902,241
D,125903,688
R,125903,1662
D,125905,674
I,125905,2
R,125905,371
D,125906,74
R,125906,71
D,126901,1311
I,126901,186
R,126901,4874
D,126902,4502
I,126902,625
R,126902,16867
D,126903,2533
I,126903,316
R,126903,9622
D,126904,261
I,126904,48
R,126904,1675
D,126905,1738
I,126905,276
R,126905,8106
D,126906,206
I,126906,33
R,126906,576
D,126907,238
I,126907,28
R,126907,1365
D,126908,613
I,126908,94
R,126908,1606
D,126911,394
I,126911,112
R,126911,2564
I,127901,162
R,127901,1084
I,127903,84
R,127903,880
I,127904,99
R,127904,986
I,127905,47
R,127905,459
I,127906,103
R,127906,820
D,128901,504
I,128901,51
R,128901,1119
D,128902,443
I,128902,32
R,128902,577
D,128903,144
I,128903,7
R,128903,222
D,128904,173
I,128904,12
R,128904,689
I,129901,461
R,129901,4157
I,129902,1986
R,129902,10713
I,129903,445
R,129903,4118
I,129904,314
R,129904,3406
I,129905,481
R,129905,5043
I,129906,966
R,129906,5563
I,129910,120
R,129910,1480
D,130901,3404
I,130901,815
R,130901,15991
D,130902,705
I,130902,205
R,130902,3420
D,131001,102
R,131001,65
I,132902,32
R,132902,335
D,133901,226
I,133901,88
R,133901,1319
D,133902,166
I,133902,36
R,133902,703
D,133903,2875
I,133903,850
R,133903,11635
D,133904,451
I,133904,154
R,133904,2469
D,133905,81
I,133905,16
R,133905,411
I,134901,100
R,134901,1547
I,135001,5
R,135001,90
D,136901,461
I,136901,38
R,136901,906
D,137901,3224
R,137901,2616
D,137902,531
R,137902,759
D,137903,482
R,137903,534
D,137904,522
R,137904,550
I,138902,25
R,138902,308
I,138903,61
R,138903,654
I,138904,6
R,138904,152
I,139905,215
R,139905,1803
I,139909,836
R,139909,3714
I,139911,610
R,139911,6982
I,139912,173
R,139912,2554
I,140901,44
R,140901,310
I,140904,166
R,140904,1432
I,140905,68
R,140905,727
I,140907,18
R,140907,288
I,140908,67
R,140908,731
D,141901,1433
I,141901,281
R,141901,6095
D,141902,131
I,141902,38
R,141902,850
D,142901,1006
I,142901,60
R,142901,583
D,143901,444
I,143901,1
R,143901,2888
D,143902,149
R,143902,727
D,143903,292
R,143903,1558
D,143904,58
R,143904,357
D,143905,98
R,143905,629
D,143906,72
R,143906,520
D,144901,590
I,144901,67
R,144901,2666
D,144902,559
I,144902,122
R,144902,2026
D,144903,132
I,144903,11
R,144903,393
D,145901,225
I,145901,52
R,145901,1645
D,145902,34
I,145902,10
R,145902,303
R,145906,2
D,145907,159
I,145907,15
R,145907,421
D,145911,147
I,145911,31
R,145911,1459
I,146901,481
R,146901,3285
D,146902,12
I,146902,630
R,146902,6159
I,146903,30
R,146903,335
I,146904,139
R,146904,2342
I,146905,73
R,146905,848
I,146906,424
R,146906,3413
I,146907,195
R,146907,3169
D,147901,139
I,147901,10
R,147901,377
D,147902,607
I,147902,86
R,147902,3053
D,147903,907
I,147903,61
R,147903,2140
I,148901,18
R,148901,295
I,148902,7
R,148902,257
I,148903,28
R,148903,241
I,148905,13
R,148905,261
D,149901,363
I,149901,51
R,149901,1877
D,149902,362
I,149902,48
R,149902,1206
I,150901,1516
R,150901,7906
I,152901,9755
R,152901,38125
I,152902,166
R,152902,1519
I,152903,189
R,152903,1242
I,152906,1141
R,152906,10997
I,152907,2170
R,152907,15535
I,152908,189
R,152908,1361
I,152909,142
R,152909,1635
I,152910,130
R,152910,1138
I,153903,46
R,153903,430
I,153904,56
R,153904,587
I,153905,24
R,153905,365
I,153907,32
R,153907,317
I,155901,357
R,155901,2874
I,156902,99
R,156902,1003
I,156905,34
R,156905,336
I,157901,175
R,157901,1721
D,158901,2024
R,158901,3572
D,158902,314
R,158902,1189
D,158904,31
R,158904,128
D,158905,541
R,158905,1610
D,158906,673
R,158906,2008
D,159901,8811
I,159901,534
R,159901,2551
I,160901,96
R,160901,1340
I,160904,80
R,160904,928
I,160905,7
R,160905,148
D,161901,120
I,161901,20
R,161901,1100
D,161903,4819
I,161903,508
R,161903,14943
D,161906,1904
I,161906,108
R,161906,1579
D,161907,541
I,161907,82
R,161907,2538
D,161908,251
I,161908,23
R,161908,819
D,161909,526
I,161909,57
R,161909,1812
D,161910,265
I,161910,73
R,161910,1608
D,161912,154
I,161912,21
R,161912,789
D,161914,11703
I,161914,714
R,161914,11260
D,161916,500
I,161916,75
R,161916,2554
D,161918,167
I,161918,45
R,161918,1032
D,161919,284
I,161919,58
R,161919,1369
D,161920,729
I,161920,116
R,161920,3599
D,161921,1313
I,161921,101
R,161921,2385
D,161922,1035
I,161922,150
R,161922,3734
D,161923,434
I,161923,46
R,161923,1273
D,161924,77
I,161924,10
R,161924,309
D,161925,76
I,161925,9
R,161925,404
D,162904,120
R,162904,352
D,163901,778
I,163901,122
R,163901,2260
D,163902,177
I,163902,24
R,163902,746
D,163903,644
I,163903,97
R,163903,1167
D,163904,1218
I,163904,138
R,163904,2609
D,163908,3213
I,163908,596
R,163908,7201
I,164901,56
R,164901,704
I,165901,5084
R,165901,36097
I,165902,250
R,165902,2599
D,166901,497
I,166901,66
R,166901,1621
D,166902,73
I,166902,6
R,166902,326
D,166903,242
I,166903,28
R,166903,954
D,166904,719
I,166904,84
R,166904,2043
D,166905,262
I,166905,47
R,166905,912
D,166907,35
I,166907,10
R,166907,193
D,167901,12
I,167901,84
R,167901,1353
I,167902,21
R,167902,415
I,167904,12
R,167904,218
I,168901,107
R,168901,1229
I,168902,21
R,168902,333
I,168903,21
R,168903,283
I,169901,257
R,169901,3864
I,169902,91
R,169902,1120
I,169906,51
R,169906,719
I,169908,10
R,169908,151
I,169909,54
R,169909,617
I,169910,26
R,169910,420
I,169911,51
R,169911,1013
D,170908,67
I,170908,9
R,170908,219
I,171901,386
R,171901,3832
I,171902,29
R,171902,409
I,172902,550
R,172902,1915
I,172905,255
R,172905,1825
I,173901,29
R,173901,566
D,174901,110
I,174901,12
R,174901,498
D,174902,202
I,174902,32
R,174902,1098
D,174903,184
I,174903,16
R,174903,909
D,174904,5215
I,174904,435
R,174904,8673
D,174906,169
I,174906,30
R,174906,939
D,174908,308
I,174908,25
R,174908,1176
D,174909,58
I,174909,4
R,174909,486
D,174910,49
I,174910,7
R,174910,553
D,174911,159
I,174911,32
R,174911,933
D,175902,286
I,175902,42
R,175902,1403
D,175903,2054
I,175903,176
R,175903,5538
D,175904,251
I,175904,31
R,175904,1055
D,175905,145
I,175905,16
R,175905,582
D,175907,414
I,175907,36
R,175907,1255
D,175910,270
I,175910,35
R,175910,1038
D,175911,208
I,175911,31
R,175911,724
I,176901,113
R,176901,938
I,176902,254
R,176902,1831
I,176903,75
R,176903,1305
I,177901,90
R,177901,673
I,177902,385
R,177902,2293
I,177903,61
R,177903,677
I,177905,37
R,177905,302
D,178901,298
R,178901,301
D,178902,890
R,178902,1013
D,178903,2064
R,178903,4250
D,178904,35844
R,178904,30359
D,178905,282
R,178905,169
D,178906,233
R,178906,589
D,178908,279
R,178908,741
D,178909,3501
R,178909,1685
D,178912,1249
R,178912,1637
D,178913,574
R,178913,788
D,178914,4151
R,178914,9602
D,178915,1425
R,178915,471
I,179901,173
R,179901,2217
I,180902,39
R,180902,534
I,180903,52
R,180903,341
I,180904,96
R,180904,892
I,181901,398
R,181901,5054
I,181905,204
R,181905,3194
I,181906,689
R,181906,3724
I,181907,525
R,181907,8068
I,181908,539
R,181908,6623
I,182901,81
R,182901,767
I,182902,65
R,182902,1086
D,182903,3
I,182903,490
R,182903,4341
I,182904,95
R,182904,1516
I,182905,20
R,182905,218
I,182906,47
R,182906,513
D,183901,192
I,183901,15
R,183901,841
D,183902,1353
I,183902,79
R,183902,5950
D,183904,81
I,183904,9
R,183904,652
D,184901,85
I,184901,58
R,184901,1130
D,184902,842
I,184902,265
R,184902,6292
D,184903,2773
I,184903,732
R,184903,16724
D,184904,233
I,184904,90
R,184904,1971
D,184907,1366
I,184907,493
R,184907,10224
D,184908,261
I,184908,84
R,184908,1909
D,184909,201
I,184909,68
R,184909,2157
D,184911,91
I,184911,31
R,184911,705
I,185901,56
R,185901,302
I,185902,51
R,185902,645
I,185903,121
R,185903,942
I,185904,11
R,185904,208
D,186901,362
I,186901,24
R,186901,393
D,186902,1226
I,186902,103
R,186902,1427
D,186903,172
I,186903,8
R,186903,455
I,187901,58
R,187901,793
I,187903,195
R,187903,1418
I,187904,116
R,187904,1409
I,187906,56
R,187906,599
I,187907,1015
R,187907,9235
I,187910,129
R,187910,1707
I,188901,5743
R,188901,37535
I,188902,91
R,188902,937
I,188903,127
R,188903,837
I,188904,670
R,188904,6860
D,189901,931
I,189901,36
R,189901,406
D,189902,385
I,189902,14
R,189902,154
I,190903,253
R,190903,3626
I,191901,2124
R,191901,19879
D,192901,136
I,192901,15
R,192901,475
D,193902,104
I,193902,39
R,193902,872
I,194902,46
R,194902,632
I,194903,106
R,194903,1242
I,194904,331
R,194904,1632
I,194905,70
R,194905,644
D,195901,1655
I,195901,109
R,195901,1103
D,195902,148
I,195902,14
R,195902,115
D,196901,140
R,196901,187
D,196902,435
R,196902,955
D,196903,504
R,196903,759
I,197902,29
R,197902,474
D,198901,187
I,198901,17
R,198901,668
D,198902,646
I,198902,24
R,198902,529
D,198903,508
I,198903,49
R,198903,2275
D,198905,591
I,198905,35
R,198905,982
D,198906,36
I,198906,2
R,198906,85
I,199901,3854
R,199901,25478
I,199902,1143
R,199902,7258
I,200901,104
R,200901,1576
I,200902,38
R,200902,516
I,200904,38
R,200904,722
I,200906,3
R,200906,47
D,201902,1706
I,201902,124
R,201902,6158
D,201903,190
I,201903,10
R,201903,676
D,201904,91
I,201904,7
R,201904,471
D,201907,183
I,201907,13
R,201907,598
D,201908,105
I,201908,9
R,201908,583
D,201910,370
I,201910,22
R,201910,1334
D,201913,92
I,201913,26
R,201913,583
D,201914,309
I,201914,32
R,201914,1522
D,202903,410
I,202903,40
R,202903,2641
D,202905,114
I,202905,15
R,202905,783
D,203901,707
I,203901,34
R,203901,1297
D,203902,148
I,203902,23
R,203902,1129
D,205901,504
R,205901,1414
D,205902,2129
R,205902,4876
D,205903,896
R,205903,2553
D,205904,1565
I,205904,2
R,205904,1282
D,205905,561
R,205905,814
D,205906,1713
R,205906,1956
D,205907,1041
R,205907,1281
I,206901,89
R,206901,1396
I,206902,29
R,206902,421
I,206903,13
R,206903,201
D,207901,221
I,207901,24
R,207901,795
I,208901,34
R,208901,375
I,208902,330
R,208902,3744
I,208903,16
R,208903,327
I,209901,44
R,209901,945
I,209902,24
R,209902,359
D,210901,749
I,210901,59
R,210901,2508
D,210902,139
I,210902,20
R,210902,1185
D,210903,310
I,210903,22
R,210903,1383
D,210904,175
I,210904,13
R,210904,579
D,210905,311
I,210905,30
R,210905,1362
D,210906,23
I,210906,4
R,210906,207
I,211901,4
R,211901,142
I,211902,46
R,211902,675
D,212901,496
I,212901,38
R,212901,1873
D,212902,442
I,212902,172
R,212902,4387
D,212903,1139
I,212903,181
R,212903,8006
D,212904,273
I,212904,92
R,212904,1919
D,212905,13815
I,212905,954
R,212905,26416
D,212906,1932
I,212906,266
R,212906,10437
D,212909,1947
I,212909,177
R,212909,5760
D,212910,617
I,212910,42
R,212910,1943
D,213901,493
I,213901,108
R,213901,3352
D,214901,5294
I,214901,93
R,214901,818
D,214902,199
I,214902,5
R,214902,79
D,214903,3372
I,214903,43
R,214903,429
I,215901,187
R,215901,2505
I,216901,13
R,216901,278
I,217901,58
R,217901,438
D,218901,315
I,218901,30
R,218901,1047
I,219901,167
R,219901,1554
I,219903,96
R,219903,1047
I,219905,23
R,219905,284
D,220901,49544
I,220901,2773
R,220901,53748
D,220902,13162
I,220902,1950
R,220902,32989
D,220904,4429
I,220904,46
R,220904,1830
D,220905,72027
I,220905,3388
R,220905,65117
D,220906,10078
I,220906,1640
R,220906,25446
D,220907,17975
I,220907,2498
R,220907,46874
D,220908,26204
I,220908,1351
R,220908,33146
D,220910,1868
I,220910,130
R,220910,2335
D,220912,16501
I,220912,884
R,220912,16070
D,220914,2487
I,220914,195
R,220914,5113
D,220915,2341
I,220915,572
R,220915,12892
D,220916,19523
I,220916,2635
R,220916,30682
D,220917,1507
I,220917,161
R,220917,2577
D,220918,9040
I,220918,1285
R,220918,21690
D,220919,3584
I,220919,490
R,220919,11504
D,220920,3064
I,220920,484
R,220920,8006
I,221901,4615
R,221901,22082
I,221904,244
R,221904,2098
I,221905,58
R,221905,529
I,221911,206
R,221911,2550
I,221912,774
R,221912,7900
D,222901,87
I,222901,5
R,222901,105
I,223901,238
R,223901,1857
I,223902,48
R,223902,275
I,223904,43
R,223904,371
I,224901,27
R,224901,562
I,224902,11
R,224902,224
I,225902,843
R,225902,4869
I,225906,138
R,225906,898
I,225907,67
R,225907,628
I,226901,79
R,226901,951
I,226903,3701
R,226903,23288
I,226905,142
R,226905,1639
I,226906,144
R,226906,2025
I,226907,84
R,226907,906
I,226908,110
R,226908,1085
D,227901,189898
I,227901,19917
R,227901,73276
D,227904,25922
I,227904,2737
R,227904,16205
D,227907,8703
I,227907,726
R,227907,3265
D,227909,9001
I,227909,957
R,227909,9683
D,227910,13369
I,227910,1394
R,227910,3307
D,227912,1112
I,227912,202
R,227912,2729
D,227913,7981
I,227913,1096
R,227913,15169
D,229901,5
I,229901,77
R,229901,1161
I,229903,287
R,229903,2840
I,229904,153
R,229904,2346
I,229905,36
R,229905,648
I,229906,24
R,229906,497
D,230901,255
I,230901,49
R,230901,1478
D,230902,498
I,230902,305
R,230902,5602
D,230903,3
I,230903,99
R,230903,1106
D,230904,12
I,230904,46
R,230904,596
D,230905,126
I,230905,88
R,230905,2106
D,230906,9
I,230906,116
R,230906,1531
I,230908,57
R,230908,1014
D,231901,181
I,231901,25
R,231901,508
D,231902,126
I,231902,21
R,231902,410
D,232901,206
I,232901,29
R,232901,412
D,232902,319
I,232902,39
R,232902,727
D,232903,3368
I,232903,273
R,232903,3094
D,232904,113
I,232904,34
R,232904,874
D,233901,5893
I,233901,452
R,233901,5051
D,233903,55
I,233903,9
R,233903,229
I,234902,405
R,234902,4061
I,234903,262
R,234903,2389
I,234904,123
R,234904,1314
I,234905,97
R,234905,1034
D,234906,111
I,234906,462
R,234906,5063
I,234907,461
R,234907,4467
I,234909,100
R,234909,1010
D,235901,527
R,235901,467
D,235902,8257
R,235902,19310
D,235904,100
R,235904,587
D,237902,915
I,237902,68
R,237902,1964
D,237904,4262
I,237904,350
R,237904,8821
D,237905,1221
I,237905,96
R,237905,2063
D,238902,648
I,238902,69
R,238902,1689
D,238904,177
I,238904,26
R,238904,718
D,239901,2697
I,239901,313
R,239901,9928
D,239903,197
I,239903,49
R,239903,1454
D,240901,15318
I,240901,446
R,240901,1392
D,240903,31738
I,240903,936
R,240903,4698
D,240904,999
I,240904,24
R,240904,124
D,241901,530
R,241901,1096
D,241902,695
R,241902,1583
D,241903,1503
R,241903,4213
D,241904,894
R,241904,1568
D,241906,149
R,241906,955
I,242902,55
R,242902,839
I,242903,41
R,242903,632
I,242905,9
R,242905,169
I,242906,35
R,242906,533
I,243901,689
R,243901,5278
I,243902,89
R,243902,1116
I,243903,279
R,243903,3111
I,243905,3436
R,243905,19823
I,243906,134
R,243906,976
I,244901,37
R,244901,321
I,244903,133
R,244903,1522
I,244905,17
R,244905,151
D,245901,266
R,245901,90
D,245902,1496
R,245902,574
D,245903,1214
R,245903,481
D,245904,230
R,245904,217
D,246902,591
I,246902,134
R,246902,2205
D,246904,10288
I,246904,1607
R,246904,24036
D,246905,272
I,246905,41
R,246905,792
D,246906,4496
I,246906,688
R,246906,6755
D,246907,1468
I,246907,211
R,246907,3938
D,246908,1195
I,246908,315
R,246908,4371
D,246909,46217
I,246909,5613
R,246909,44469
D,246911,2038
I,246911,218
R,246911,3162
D,246912,274
I,246912,53
R,246912,1044
D,246913,28726
I,246913,4535
R,246913,43420
D,246914,89
I,246914,16
R,246914,299
D,247901,4226
I,247901,230
R,247901,5833
D,247903,956
I,247903,119
R,247903,3959
D,247904,467
I,247904,23
R,247904,938
D,247906,474
I,247906,67
R,247906,1891
D,248901,177
I,248901,22
R,248901,693
D,248902,230
I,248902,25
R,248902,769
I,249901,118
R,249901,1571
D,249902,155
I,249902,167
R,249902,2270
I,249903,331
R,249903,3274
I,249904,100
R,249904,1197
D,249905,407
I,249905,283
R,249905,4571
I,249906,212
R,249906,2036
D,249908,106
I,249908,94
R,249908,1373
D,250902,358
I,250902,36
R,250902,1789
D,250903,68
I,250903,199
R,250903,3123
D,250904,198
I,250904,165
R,250904,3495
I,250905,94
R,250905,1339
I,250906,184
R,250906,2813
D,250907,184
I,250907,164
R,250907,2872
I,251901,87
R,251901,826
I,251902,88
R,251902,972
I,252901,374
R,252901,4449
I,252902,98
R,252902,1010
I,252903,99
R,252903,1388
D,253901,2497
I,253901,42
R,253901,494
D,254901,2012
I,254901,105
R,254901,404
D,254902,320
I,254902,32
R,254902,173
